"","crim","zn","indus","chas","nox","rm","age","dis","rad","tax","ptratio","black","lstat","medv"
"1",0.00632,18,2.31,0,5.38,6.575,65.2,4.09,1,296,15.3,0.3969,0.0498,24
"2",0.02731,0,7.07,0,4.69,6.421,78.9,4.9671,2,242,17.8,0.3969,0.0914,21.6
"3",0.02729,0,7.07,0,4.69,7.185,61.1,4.9671,2,242,17.8,0.39283,0.0403,34.7
"4",0.03237,0,2.18,0,4.58,6.998,45.8,6.0622,3,222,18.7,0.39463,0.0294,33.4
"5",0.06905,0,2.18,0,4.58,7.147,54.2,6.0622,3,222,18.7,0.3969,0.0533,36.2
"6",0.02985,0,2.18,0,4.58,6.43,58.7,6.0622,3,222,18.7,0.39412,0.0521,28.7
"7",0.08829,12.5,7.87,0,5.24,6.012,66.6,5.5605,5,311,15.2,0.3956,0.1243,22.9
"8",0.14455,12.5,7.87,0,5.24,6.172,96.1,5.9505,5,311,15.2,0.3969,0.1915,27.1
"9",0.21124,12.5,7.87,0,5.24,5.631,100,6.0821,5,311,15.2,0.38663,0.2993,16.5
"10",0.17004,12.5,7.87,0,5.24,6.004,85.9,6.5921,5,311,15.2,0.38671,0.171,18.9
"11",0.22489,12.5,7.87,0,5.24,6.377,94.3,6.3467,5,311,15.2,0.39252,0.2045,15
"12",0.11747,12.5,7.87,0,5.24,6.009,82.9,6.2267,5,311,15.2,0.3969,0.1327,18.9
"13",0.09378,12.5,7.87,0,5.24,5.889,39,5.4509,5,311,15.2,0.3905,0.1571,21.7
"14",0.62976,0,8.14,0,5.38,5.949,61.8,4.7075,4,307,21,0.3969,0.0826,20.4
"15",0.63796,0,8.14,0,5.38,6.096,84.5,4.4619,4,307,21,0.38002,0.1026,18.2
"16",0.62739,0,8.14,0,5.38,5.834,56.5,4.4986,4,307,21,0.39562,0.0847,19.9
"17",1.05393,0,8.14,0,5.38,5.935,29.3,4.4986,4,307,21,0.38685,0.0658,23.1
"18",0.7842,0,8.14,0,5.38,5.99,81.7,4.2579,4,307,21,0.38675,0.1467,17.5
"19",0.80271,0,8.14,0,5.38,5.456,36.6,3.7965,4,307,21,0.28899,0.1169,20.2
"20",0.7258,0,8.14,0,5.38,5.727,69.5,3.7965,4,307,21,0.39095,0.1128,18.2
"21",1.25179,0,8.14,0,5.38,5.57,98.1,3.7979,4,307,21,0.37657,0.2102,13.6
"22",0.85204,0,8.14,0,5.38,5.965,89.2,4.0123,4,307,21,0.39253,0.1383,19.6
"23",1.23247,0,8.14,0,5.38,6.142,91.7,3.9769,4,307,21,0.3969,0.1872,15.2
"24",0.98843,0,8.14,0,5.38,5.813,100,4.0952,4,307,21,0.39454,0.1988,14.5
"25",0.75026,0,8.14,0,5.38,5.924,94.1,4.3996,4,307,21,0.39433,0.163,15.6
"26",0.84054,0,8.14,0,5.38,5.599,85.7,4.4546,4,307,21,0.30342,0.1651,13.9
"27",0.67191,0,8.14,0,5.38,5.813,90.3,4.682,4,307,21,0.37688,0.1481,16.6
"28",0.95577,0,8.14,0,5.38,6.047,88.8,4.4534,4,307,21,0.30638,0.1728,14.8
"29",0.77299,0,8.14,0,5.38,6.495,94.4,4.4547,4,307,21,0.38794,0.128,18.4
"30",1.00245,0,8.14,0,5.38,6.674,87.3,4.239,4,307,21,0.38023,0.1198,21
"31",1.13081,0,8.14,0,5.38,5.713,94.1,4.233,4,307,21,0.36017,0.226,12.7
"32",1.35472,0,8.14,0,5.38,6.072,100,4.175,4,307,21,0.37673,0.1304,14.5
"33",1.38799,0,8.14,0,5.38,5.95,82,3.99,4,307,21,0.2326,0.2771,13.2
"34",1.15172,0,8.14,0,5.38,5.701,95,3.7872,4,307,21,0.35877,0.1835,13.1
"35",1.61282,0,8.14,0,5.38,6.096,96.9,3.7598,4,307,21,0.24831,0.2034,13.5
"36",0.06417,0,5.96,0,4.99,5.933,68.2,3.3603,5,279,19.2,0.3969,0.0968,18.9
"37",0.09744,0,5.96,0,4.99,5.841,61.4,3.3779,5,279,19.2,0.37756,0.1141,20
"38",0.08014,0,5.96,0,4.99,5.85,41.5,3.9342,5,279,19.2,0.3969,0.0877,21
"39",0.17505,0,5.96,0,4.99,5.966,30.2,3.8473,5,279,19.2,0.39343,0.1013,24.7
"40",0.02763,75,2.95,0,4.28,6.595,21.8,5.4011,3,252,18.3,0.39563,0.0432,30.8
"41",0.03359,75,2.95,0,4.28,7.024,15.8,5.4011,3,252,18.3,0.39562,0.0198,34.9
"42",0.12744,0,6.91,0,4.48,6.77,2.9,5.7209,3,233,17.9,0.38541,0.0484,26.6
"43",0.1415,0,6.91,0,4.48,6.169,6.6,5.7209,3,233,17.9,0.38337,0.0581,25.3
"44",0.15936,0,6.91,0,4.48,6.211,6.5,5.7209,3,233,17.9,0.39446,0.0744,24.7
"45",0.12269,0,6.91,0,4.48,6.069,40,5.7209,3,233,17.9,0.38939,0.0955,21.2
"46",0.17142,0,6.91,0,4.48,5.682,33.8,5.1004,3,233,17.9,0.3969,0.1021,19.3
"47",0.18836,0,6.91,0,4.48,5.786,33.3,5.1004,3,233,17.9,0.3969,0.1415,20
"48",0.22927,0,6.91,0,4.48,6.03,85.5,5.6894,3,233,17.9,0.39274,0.188,16.6
"49",0.25387,0,6.91,0,4.48,5.399,95.3,5.87,3,233,17.9,0.3969,0.3081,14.4
"50",0.21977,0,6.91,0,4.48,5.602,62,6.0877,3,233,17.9,0.3969,0.162,19.4
"51",0.08873,21,5.64,0,4.39,5.963,45.7,6.8147,4,243,16.8,0.39556,0.1345,19.7
"52",0.04337,21,5.64,0,4.39,6.115,63,6.8147,4,243,16.8,0.39397,0.0943,20.5
"53",0.0536,21,5.64,0,4.39,6.511,21.1,6.8147,4,243,16.8,0.3969,0.0528,25
"54",0.04981,21,5.64,0,4.39,5.998,21.4,6.8147,4,243,16.8,0.3969,0.0843,23.4
"55",0.0136,75,4,0,4.1,5.888,47.6,7.3197,3,469,21.1,0.3969,0.148,18.9
"56",0.01311,90,1.22,0,4.03,7.249,21.9,8.6966,5,226,17.9,0.39593,0.0481,35.4
"57",0.02055,85,0.74,0,4.1,6.383,35.7,9.1876,2,313,17.3,0.3969,0.0577,24.7
"58",0.01432,100,1.32,0,4.11,6.816,40.5,8.3248,5,256,15.1,0.3929,0.0395,31.6
"59",0.15445,25,5.13,0,4.53,6.145,29.2,7.8148,8,284,19.7,0.39068,0.0686,23.3
"60",0.10328,25,5.13,0,4.53,5.927,47.2,6.932,8,284,19.7,0.3969,0.0922,19.6
"61",0.14932,25,5.13,0,4.53,5.741,66.2,7.2254,8,284,19.7,0.39511,0.1315,18.7
"62",0.17171,25,5.13,0,4.53,5.966,93.4,6.8185,8,284,19.7,0.37808,0.1444,16
"63",0.11027,25,5.13,0,4.53,6.456,67.8,7.2255,8,284,19.7,0.3969,0.0673,22.2
"64",0.1265,25,5.13,0,4.53,6.762,43.4,7.9809,8,284,19.7,0.39558,0.095,25
"65",0.01951,17.5,1.38,0,4.161,7.104,59.5,9.2229,3,216,18.6,0.39324,0.0805,33
"66",0.03584,80,3.37,0,3.98,6.29,17.8,6.6115,4,337,16.1,0.3969,0.0467,23.5
"67",0.04379,80,3.37,0,3.98,5.787,31.1,6.6115,4,337,16.1,0.3969,0.1024,19.4
"68",0.05789,12.5,6.07,0,4.09,5.878,21.4,6.498,4,345,18.9,0.39621,0.081,22
"69",0.13554,12.5,6.07,0,4.09,5.594,36.8,6.498,4,345,18.9,0.3969,0.1309,17.4
"70",0.12816,12.5,6.07,0,4.09,5.885,33,6.498,4,345,18.9,0.3969,0.0879,20.9
"71",0.08826,0,10.81,0,4.13,6.417,6.6,5.2873,4,305,19.2,0.38373,0.0672,24.2
"72",0.15876,0,10.81,0,4.13,5.961,17.5,5.2873,4,305,19.2,0.37694,0.0988,21.7
"73",0.09164,0,10.81,0,4.13,6.065,7.8,5.2873,4,305,19.2,0.39091,0.0552,22.8
"74",0.19539,0,10.81,0,4.13,6.245,6.2,5.2873,4,305,19.2,0.37717,0.0754,23.4
"75",0.07896,0,12.83,0,4.37,6.273,6,4.2515,5,398,18.7,0.39492,0.0678,24.1
"76",0.09512,0,12.83,0,4.37,6.286,45,4.5026,5,398,18.7,0.38323,0.0894,21.4
"77",0.10153,0,12.83,0,4.37,6.279,74.5,4.0522,5,398,18.7,0.37366,0.1197,20
"78",0.08707,0,12.83,0,4.37,6.14,45.8,4.0905,5,398,18.7,0.38696,0.1027,20.8
"79",0.05646,0,12.83,0,4.37,6.232,53.7,5.0141,5,398,18.7,0.3864,0.1234,21.2
"80",0.08387,0,12.83,0,4.37,5.874,36.6,4.5026,5,398,18.7,0.39606,0.091,20.3
"81",0.04113,25,4.86,0,4.26,6.727,33.5,5.4007,4,281,19,0.3969,0.0529,28
"82",0.04462,25,4.86,0,4.26,6.619,70.4,5.4007,4,281,19,0.39563,0.0722,23.9
"83",0.03659,25,4.86,0,4.26,6.302,32.2,5.4007,4,281,19,0.3969,0.0672,24.8
"84",0.03551,25,4.86,0,4.26,6.167,46.7,5.4007,4,281,19,0.39064,0.0751,22.9
"85",0.05059,0,4.49,0,4.49,6.389,48,4.7794,3,247,18.5,0.3969,0.0962,23.9
"86",0.05735,0,4.49,0,4.49,6.63,56.1,4.4377,3,247,18.5,0.3923,0.0653,26.6
"87",0.05188,0,4.49,0,4.49,6.015,45.1,4.4272,3,247,18.5,0.39599,0.1286,22.5
"88",0.07151,0,4.49,0,4.49,6.121,56.8,3.7476,3,247,18.5,0.39515,0.0844,22.2
"89",0.0566,0,3.41,0,4.89,7.007,86.3,3.4217,2,270,17.8,0.3969,0.055,23.6
"90",0.05302,0,3.41,0,4.89,7.079,63.1,3.4145,2,270,17.8,0.39606,0.057,28.7
"91",0.04684,0,3.41,0,4.89,6.417,66.1,3.0923,2,270,17.8,0.39218,0.0881,22.6
"92",0.03932,0,3.41,0,4.89,6.405,73.9,3.0921,2,270,17.8,0.39355,0.082,22
"93",0.04203,28,15.04,0,4.64,6.442,53.6,3.6659,4,270,18.2,0.39501,0.0816,22.9
"94",0.02875,28,15.04,0,4.64,6.211,28.9,3.6659,4,270,18.2,0.39633,0.0621,25
"95",0.04294,28,15.04,0,4.64,6.249,77.3,3.615,4,270,18.2,0.3969,0.1059,20.6
"96",0.12204,0,2.89,0,4.45,6.625,57.8,3.4952,2,276,18,0.35798,0.0665,28.4
"97",0.11504,0,2.89,0,4.45,6.163,69.6,3.4952,2,276,18,0.39183,0.1134,21.4
"98",0.12083,0,2.89,0,4.45,8.069,76,3.4952,2,276,18,0.3969,0.0421,38.7
"99",0.08187,0,2.89,0,4.45,7.82,36.9,3.4952,2,276,18,0.39353,0.0357,43.8
"100",0.0686,0,2.89,0,4.45,7.416,62.5,3.4952,2,276,18,0.3969,0.0619,33.2
"101",0.14866,0,8.56,0,5.2,6.727,79.9,2.7778,5,384,20.9,0.39476,0.0942,27.5
"102",0.11432,0,8.56,0,5.2,6.781,71.3,2.8561,5,384,20.9,0.39558,0.0767,26.5
"103",0.22876,0,8.56,0,5.2,6.405,85.4,2.7147,5,384,20.9,0.0708,0.1063,18.6
"104",0.21161,0,8.56,0,5.2,6.137,87.4,2.7147,5,384,20.9,0.39447,0.1344,19.3
"105",0.1396,0,8.56,0,5.2,6.167,90,2.421,5,384,20.9,0.39269,0.1233,20.1
"106",0.13262,0,8.56,0,5.2,5.851,96.7,2.1069,5,384,20.9,0.39405,0.1647,19.5
"107",0.1712,0,8.56,0,5.2,5.836,91.9,2.211,5,384,20.9,0.39567,0.1866,19.5
"108",0.13117,0,8.56,0,5.2,6.127,85.2,2.1224,5,384,20.9,0.38769,0.1409,20.4
"109",0.12802,0,8.56,0,5.2,6.474,97.1,2.4329,5,384,20.9,0.39524,0.1227,19.8
"110",0.26363,0,8.56,0,5.2,6.229,91.2,2.5451,5,384,20.9,0.39123,0.1555,19.4
"111",0.10793,0,8.56,0,5.2,6.195,54.4,2.7778,5,384,20.9,0.39349,0.13,21.7
"112",0.10084,0,10.01,0,5.47,6.715,81.6,2.6775,6,432,17.8,0.39559,0.1016,22.8
"113",0.12329,0,10.01,0,5.47,5.913,92.9,2.3534,6,432,17.8,0.39495,0.1621,18.8
"114",0.22212,0,10.01,0,5.47,6.092,95.4,2.548,6,432,17.8,0.3969,0.1709,18.7
"115",0.14231,0,10.01,0,5.47,6.254,84.2,2.2565,6,432,17.8,0.38874,0.1045,18.5
"116",0.17134,0,10.01,0,5.47,5.928,88.2,2.4631,6,432,17.8,0.34491,0.1576,18.3
"117",0.13158,0,10.01,0,5.47,6.176,72.5,2.7301,6,432,17.8,0.3933,0.1204,21.2
"118",0.15098,0,10.01,0,5.47,6.021,82.6,2.7474,6,432,17.8,0.39451,0.103,19.2
"119",0.13058,0,10.01,0,5.47,5.872,73.1,2.4775,6,432,17.8,0.33863,0.1537,20.4
"120",0.14476,0,10.01,0,5.47,5.731,65.2,2.7592,6,432,17.8,0.3915,0.1361,19.3
"121",0.06899,0,25.65,0,5.81,5.87,69.7,2.2577,2,188,19.1,0.38915,0.1437,22
"122",0.07165,0,25.65,0,5.81,6.004,84.1,2.1974,2,188,19.1,0.37767,0.1427,20.3
"123",0.09299,0,25.65,0,5.81,5.961,92.9,2.0869,2,188,19.1,0.37809,0.1793,20.5
"124",0.15038,0,25.65,0,5.81,5.856,97,1.9444,2,188,19.1,0.37031,0.2541,17.3
"125",0.09849,0,25.65,0,5.81,5.879,95.8,2.0063,2,188,19.1,0.37938,0.1758,18.8
"126",0.16902,0,25.65,0,5.81,5.986,88.4,1.9929,2,188,19.1,0.38502,0.1481,21.4
"127",0.38735,0,25.65,0,5.81,5.613,95.6,1.7572,2,188,19.1,0.35929,0.2726,15.7
"128",0.25915,0,21.89,0,6.24,5.693,96,1.7883,4,437,21.2,0.39211,0.1719,16.2
"129",0.32543,0,21.89,0,6.24,6.431,98.8,1.8125,4,437,21.2,0.3969,0.1539,18
"130",0.88125,0,21.89,0,6.24,5.637,94.7,1.9799,4,437,21.2,0.3969,0.1834,14.3
"131",0.34006,0,21.89,0,6.24,6.458,98.9,2.1185,4,437,21.2,0.39504,0.126,19.2
"132",1.19294,0,21.89,0,6.24,6.326,97.7,2.271,4,437,21.2,0.3969,0.1226,19.6
"133",0.59005,0,21.89,0,6.24,6.372,97.9,2.3274,4,437,21.2,0.38576,0.1112,23
"134",0.32982,0,21.89,0,6.24,5.822,95.4,2.4699,4,437,21.2,0.38869,0.1503,18.4
"135",0.97617,0,21.89,0,6.24,5.757,98.4,2.346,4,437,21.2,0.26276,0.1731,15.6
"136",0.55778,0,21.89,0,6.24,6.335,98.2,2.1107,4,437,21.2,0.39467,0.1696,18.1
"137",0.32264,0,21.89,0,6.24,5.942,93.5,1.9669,4,437,21.2,0.37825,0.169,17.4
"138",0.35233,0,21.89,0,6.24,6.454,98.4,1.8498,4,437,21.2,0.39408,0.1459,17.1
"139",0.2498,0,21.89,0,6.24,5.857,98.2,1.6686,4,437,21.2,0.39204,0.2132,13.3
"140",0.54452,0,21.89,0,6.24,6.151,97.9,1.6687,4,437,21.2,0.3969,0.1846,17.8
"141",0.2909,0,21.89,0,6.24,6.174,93.6,1.6119,4,437,21.2,0.38808,0.2416,14
"142",1.62864,0,21.89,0,6.24,5.019,100,1.4394,4,437,21.2,0.3969,0.3441,14.4
"143",3.32105,0,19.58,1,8.71,5.403,100,1.3216,5,403,14.7,0.3969,0.2682,13.4
"144",4.0974,0,19.58,0,8.71,5.468,100,1.4118,5,403,14.7,0.3969,0.2642,15.6
"145",2.77974,0,19.58,0,8.71,4.903,97.8,1.3459,5,403,14.7,0.3969,0.2929,11.8
"146",2.37934,0,19.58,0,8.71,6.13,100,1.4191,5,403,14.7,0.17291,0.278,13.8
"147",2.15505,0,19.58,0,8.71,5.628,100,1.5166,5,403,14.7,0.16927,0.1665,15.6
"148",2.36862,0,19.58,0,8.71,4.926,95.7,1.4608,5,403,14.7,0.39171,0.2953,14.6
"149",2.33099,0,19.58,0,8.71,5.186,93.8,1.5296,5,403,14.7,0.35699,0.2832,17.8
"150",2.73397,0,19.58,0,8.71,5.597,94.9,1.5257,5,403,14.7,0.35185,0.2145,15.4
"151",1.6566,0,19.58,0,8.71,6.122,97.3,1.618,5,403,14.7,0.3728,0.141,21.5
"152",1.49632,0,19.58,0,8.71,5.404,100,1.5916,5,403,14.7,0.3416,0.1328,19.6
"153",1.12658,0,19.58,1,8.71,5.012,88,1.6102,5,403,14.7,0.34328,0.1212,15.3
"154",2.14918,0,19.58,0,8.71,5.709,98.5,1.6232,5,403,14.7,0.26195,0.1579,19.4
"155",1.41385,0,19.58,1,8.71,6.129,96,1.7494,5,403,14.7,0.32102,0.1512,17
"156",3.53501,0,19.58,1,8.71,6.152,82.6,1.7455,5,403,14.7,0.08801,0.1502,15.6
"157",2.44668,0,19.58,0,8.71,5.272,94,1.7364,5,403,14.7,0.08863,0.1614,13.1
"158",1.22358,0,19.58,0,6.05,6.943,97.4,1.8773,5,403,14.7,0.36343,0.0459,41.3
"159",1.34284,0,19.58,0,6.05,6.066,100,1.7573,5,403,14.7,0.35389,0.0643,24.3
"160",1.42502,0,19.58,0,8.71,6.51,100,1.7659,5,403,14.7,0.36431,0.0739,23.3
"161",1.27346,0,19.58,1,6.05,6.25,92.6,1.7984,5,403,14.7,0.33892,0.055,27
"162",1.46336,0,19.58,0,6.05,7.489,90.8,1.9709,5,403,14.7,0.37443,0.0173,50
"163",1.83377,0,19.58,1,6.05,7.802,98.2,2.0407,5,403,14.7,0.38961,0.0192,50
"164",1.51902,0,19.58,1,6.05,8.375,93.9,2.162,5,403,14.7,0.38845,0.0332,50
"165",2.24236,0,19.58,0,6.05,5.854,91.8,2.422,5,403,14.7,0.39511,0.1164,22.7
"166",2.924,0,19.58,0,6.05,6.101,93,2.2834,5,403,14.7,0.24016,0.0981,25
"167",2.01019,0,19.58,0,6.05,7.929,96.2,2.0459,5,403,14.7,0.3693,0.037,50
"168",1.80028,0,19.58,0,6.05,5.877,79.2,2.4259,5,403,14.7,0.22761,0.1214,23.8
"169",2.3004,0,19.58,0,6.05,6.319,96.1,2.1,5,403,14.7,0.29709,0.111,23.8
"170",2.44953,0,19.58,0,6.05,6.402,95.2,2.2625,5,403,14.7,0.33004,0.1132,22.3
"171",1.20742,0,19.58,0,6.05,5.875,94.6,2.4259,5,403,14.7,0.29229,0.1443,17.4
"172",2.3139,0,19.58,0,6.05,5.88,97.3,2.3887,5,403,14.7,0.34813,0.1203,19.1
"173",0.13914,0,4.05,0,5.1,5.572,88.5,2.5961,5,296,16.6,0.3969,0.1469,23.1
"174",0.09178,0,4.05,0,5.1,6.416,84.1,2.6463,5,296,16.6,0.3955,0.0904,23.6
"175",0.08447,0,4.05,0,5.1,5.859,68.7,2.7019,5,296,16.6,0.39323,0.0964,22.6
"176",0.06664,0,4.05,0,5.1,6.546,33.1,3.1323,5,296,16.6,0.39096,0.0533,29.4
"177",0.07022,0,4.05,0,5.1,6.02,47.2,3.5549,5,296,16.6,0.39323,0.1011,23.2
"178",0.05425,0,4.05,0,5.1,6.315,73.4,3.3175,5,296,16.6,0.3956,0.0629,24.6
"179",0.06642,0,4.05,0,5.1,6.86,74.4,2.9153,5,296,16.6,0.39127,0.0692,29.9
"180",0.0578,0,2.46,0,4.88,6.98,58.4,2.829,3,193,17.8,0.3969,0.0504,37.2
"181",0.06588,0,2.46,0,4.88,7.765,83.3,2.741,3,193,17.8,0.39556,0.0756,39.8
"182",0.06888,0,2.46,0,4.88,6.144,62.2,2.5979,3,193,17.8,0.3969,0.0945,36.2
"183",0.09103,0,2.46,0,4.88,7.155,92.2,2.7006,3,193,17.8,0.39412,0.0482,37.9
"184",0.10008,0,2.46,0,4.88,6.563,95.6,2.847,3,193,17.8,0.3969,0.0568,32.5
"185",0.08308,0,2.46,0,4.88,5.604,89.8,2.9879,3,193,17.8,0.391,0.1398,26.4
"186",0.06047,0,2.46,0,4.88,6.153,68.8,3.2797,3,193,17.8,0.38711,0.1315,29.6
"187",0.05602,0,2.46,0,4.88,7.831,53.6,3.1992,3,193,17.8,0.39263,0.0445,50
"188",0.07875,45,3.44,0,4.37,6.782,41.1,3.7886,5,398,15.2,0.39387,0.0668,32
"189",0.12579,45,3.44,0,4.37,6.556,29.1,4.5667,5,398,15.2,0.38284,0.0456,29.8
"190",0.0837,45,3.44,0,4.37,7.185,38.9,4.5667,5,398,15.2,0.3969,0.0539,34.9
"191",0.09068,45,3.44,0,4.37,6.951,21.5,6.4798,5,398,15.2,0.37768,0.051,37
"192",0.06911,45,3.44,0,4.37,6.739,30.8,6.4798,5,398,15.2,0.38971,0.0469,30.5
"193",0.08664,45,3.44,0,4.37,7.178,26.3,6.4798,5,398,15.2,0.39049,0.0287,36.4
"194",0.02187,60,2.93,0,4.01,6.8,9.9,6.2196,1,265,15.6,0.39337,0.0503,31.1
"195",0.01439,60,2.93,0,4.01,6.604,18.8,6.2196,1,265,15.6,0.3767,0.0438,29.1
"196",0.01381,80,0.46,0,4.22,7.875,32,5.6484,4,255,14.4,0.39423,0.0297,50
"197",0.04011,80,1.52,0,4.04,7.287,34.1,7.309,2,329,12.6,0.3969,0.0408,33.3
"198",0.04666,80,1.52,0,4.04,7.107,36.6,7.309,2,329,12.6,0.35431,0.0861,30.3
"199",0.03768,80,1.52,0,4.04,7.274,38.3,7.309,2,329,12.6,0.3922,0.0662,34.6
"200",0.0315,95,1.47,0,4.03,6.975,15.3,7.6534,3,402,17,0.3969,0.0456,34.9
"201",0.01778,95,1.47,0,4.03,7.135,13.9,7.6534,3,402,17,0.3843,0.0445,32.9
"202",0.03445,82.5,2.03,0,4.15,6.162,38.4,6.27,2,348,14.7,0.39377,0.0743,24.1
"203",0.02177,82.5,2.03,0,4.15,7.61,15.7,6.27,2,348,14.7,0.39538,0.0311,42.3
"204",0.0351,95,2.68,0,4.161,7.853,33.2,5.118,4,224,14.7,0.39278,0.0381,48.5
"205",0.02009,95,2.68,0,4.161,8.034,31.9,5.118,4,224,14.7,0.39055,0.0288,50
"206",0.13642,0,10.59,0,4.89,5.891,22.3,3.9454,4,277,18.6,0.3969,0.1087,22.6
"207",0.22969,0,10.59,0,4.89,6.326,52.5,4.3549,4,277,18.6,0.39487,0.1097,24.4
"208",0.25199,0,10.59,0,4.89,5.783,72.7,4.3549,4,277,18.6,0.38943,0.1806,22.5
"209",0.13587,0,10.59,1,4.89,6.064,59.1,4.2392,4,277,18.6,0.38132,0.1466,24.4
"210",0.43571,0,10.59,1,4.89,5.344,100,3.875,4,277,18.6,0.3969,0.2309,20
"211",0.17446,0,10.59,1,4.89,5.96,92.1,3.8771,4,277,18.6,0.39325,0.1727,21.7
"212",0.37578,0,10.59,1,4.89,5.404,88.6,3.665,4,277,18.6,0.39524,0.2398,19.3
"213",0.21719,0,10.59,1,4.89,5.807,53.8,3.6526,4,277,18.6,0.39094,0.1603,22.4
"214",0.14052,0,10.59,0,4.89,6.375,32.3,3.9454,4,277,18.6,0.38581,0.0938,28.1
"215",0.28955,0,10.59,0,4.89,5.412,9.8,3.5875,4,277,18.6,0.34893,0.2955,23.7
"216",0.19802,0,10.59,0,4.89,6.182,42.4,3.9454,4,277,18.6,0.39363,0.0947,25
"217",0.0456,0,13.89,1,5.5,5.888,56,3.1121,5,276,16.4,0.3928,0.1351,23.3
"218",0.07013,0,13.89,0,5.5,6.642,85.1,3.4211,5,276,16.4,0.39278,0.0969,28.7
"219",0.11069,0,13.89,1,5.5,5.951,93.8,2.8893,5,276,16.4,0.3969,0.1792,21.5
"220",0.11425,0,13.89,1,5.5,6.373,92.4,3.3633,5,276,16.4,0.39374,0.105,23
"221",0.35809,0,6.2,1,5.07,6.951,88.5,2.8617,8,307,17.4,0.3917,0.0971,26.7
"222",0.40771,0,6.2,1,5.07,6.164,91.3,3.048,8,307,17.4,0.39524,0.2146,21.7
"223",0.62356,0,6.2,1,5.07,6.879,77.7,3.2721,8,307,17.4,0.39039,0.0993,27.5
"224",0.6147,0,6.2,0,5.07,6.618,80.8,3.2721,8,307,17.4,0.3969,0.076,30.1
"225",0.31533,0,6.2,0,5.04,8.266,78.3,2.8944,8,307,17.4,0.38505,0.0414,44.8
"226",0.52693,0,6.2,0,5.04,8.725,83,2.8944,8,307,17.4,0.382,0.0463,50
"227",0.38214,0,6.2,0,5.04,8.04,86.5,3.2157,8,307,17.4,0.38738,0.0313,37.6
"228",0.41238,0,6.2,0,5.04,7.163,79.9,3.2157,8,307,17.4,0.37208,0.0636,31.6
"229",0.29819,0,6.2,0,5.04,7.686,17,3.3751,8,307,17.4,0.37751,0.0392,46.7
"230",0.44178,0,6.2,0,5.04,6.552,21.4,3.3751,8,307,17.4,0.38034,0.0376,31.5
"231",0.537,0,6.2,0,5.04,5.981,68.1,3.6715,8,307,17.4,0.37835,0.1165,24.3
"232",0.46296,0,6.2,0,5.04,7.412,76.9,3.6715,8,307,17.4,0.37614,0.0525,31.7
"233",0.57529,0,6.2,0,5.07,8.337,73.3,3.8384,8,307,17.4,0.38591,0.0247,41.7
"234",0.33147,0,6.2,0,5.07,8.247,70.4,3.6519,8,307,17.4,0.37895,0.0395,48.3
"235",0.44791,0,6.2,1,5.07,6.726,66.5,3.6519,8,307,17.4,0.3602,0.0805,29
"236",0.33045,0,6.2,0,5.07,6.086,61.5,3.6519,8,307,17.4,0.37675,0.1088,24
"237",0.52058,0,6.2,1,5.07,6.631,76.5,4.148,8,307,17.4,0.38845,0.0954,25.1
"238",0.51183,0,6.2,0,5.07,7.358,71.6,4.148,8,307,17.4,0.39007,0.0473,31.5
"239",0.08244,30,4.93,0,4.28,6.481,18.5,6.1899,6,300,16.6,0.37941,0.0636,23.7
"240",0.09252,30,4.93,0,4.28,6.606,42.2,6.1899,6,300,16.6,0.38378,0.0737,23.3
"241",0.11329,30,4.93,0,4.28,6.897,54.3,6.3361,6,300,16.6,0.39125,0.1138,22
"242",0.10612,30,4.93,0,4.28,6.095,65.1,6.3361,6,300,16.6,0.39462,0.124,20.1
"243",0.1029,30,4.93,0,4.28,6.358,52.9,7.0355,6,300,16.6,0.37275,0.1122,22.2
"244",0.12757,30,4.93,0,4.28,6.393,7.8,7.0355,6,300,16.6,0.37471,0.0519,23.7
"245",0.20608,22,5.86,0,4.31,5.593,76.5,7.9549,7,330,19.1,0.37249,0.125,17.6
"246",0.19133,22,5.86,0,4.31,5.605,70.2,7.9549,7,330,19.1,0.38913,0.1846,18.5
"247",0.33983,22,5.86,0,4.31,6.108,34.9,8.0555,7,330,19.1,0.39018,0.0916,24.3
"248",0.19657,22,5.86,0,4.31,6.226,79.2,8.0555,7,330,19.1,0.37614,0.1015,20.5
"249",0.16439,22,5.86,0,4.31,6.433,49.1,7.8265,7,330,19.1,0.37471,0.0952,24.5
"250",0.19073,22,5.86,0,4.31,6.718,17.5,7.8265,7,330,19.1,0.39374,0.0656,26.2
"251",0.1403,22,5.86,0,4.31,6.487,13,7.3967,7,330,19.1,0.39628,0.059,24.4
"252",0.21409,22,5.86,0,4.31,6.438,8.9,7.3967,7,330,19.1,0.37707,0.0359,24.8
"253",0.08221,22,5.86,0,4.31,6.957,6.8,8.9067,7,330,19.1,0.38609,0.0353,29.6
"254",0.36894,22,5.86,0,4.31,8.259,8.4,8.9067,7,330,19.1,0.3969,0.0354,42.8
"255",0.04819,80,3.64,0,3.92,6.108,32,9.2203,1,315,16.4,0.39289,0.0657,21.9
"256",0.03548,80,3.64,0,3.92,5.876,19.1,9.2203,1,315,16.4,0.39518,0.0925,20.9
"257",0.01538,90,3.75,0,3.94,7.454,34.2,6.3361,3,244,15.9,0.38634,0.0311,44
"258",0.61154,20,3.97,0,6.47,8.704,86.9,1.801,5,264,13,0.3897,0.0512,50
"259",0.66351,20,3.97,0,6.47,7.333,100,1.8946,5,264,13,0.38329,0.0779,36
"260",0.65665,20,3.97,0,6.47,6.842,100,2.0107,5,264,13,0.39193,0.069,30.1
"261",0.54011,20,3.97,0,6.47,7.203,81.8,2.1121,5,264,13,0.3928,0.0959,33.8
"262",0.53412,20,3.97,0,6.47,7.52,89.4,2.1398,5,264,13,0.38837,0.0726,43.1
"263",0.52014,20,3.97,0,6.47,8.398,91.5,2.2885,5,264,13,0.38686,0.0591,48.8
"264",0.82526,20,3.97,0,6.47,7.327,94.5,2.0788,5,264,13,0.39342,0.1125,31
"265",0.55007,20,3.97,0,6.47,7.206,91.6,1.9301,5,264,13,0.38789,0.081,36.5
"266",0.76162,20,3.97,0,6.47,5.56,62.8,1.9865,5,264,13,0.3924,0.1045,22.8
"267",0.7857,20,3.97,0,6.47,7.014,84.6,2.1329,5,264,13,0.38407,0.1479,30.7
"268",0.57834,20,3.97,0,5.75,8.297,67,2.4216,5,264,13,0.38454,0.0744,50
"269",0.5405,20,3.97,0,5.75,7.47,52.6,2.872,5,264,13,0.3903,0.0316,43.5
"270",0.09065,20,6.96,1,4.64,5.92,61.5,3.9175,3,223,18.6,0.39134,0.1365,20.7
"271",0.29916,20,6.96,0,4.64,5.856,42.1,4.429,3,223,18.6,0.38865,0.13,21.1
"272",0.16211,20,6.96,0,4.64,6.24,16.3,4.429,3,223,18.6,0.3969,0.0659,25.2
"273",0.1146,20,6.96,0,4.64,6.538,58.7,3.9175,3,223,18.6,0.39496,0.0773,24.4
"274",0.22188,20,6.96,1,4.64,7.691,51.8,4.3665,3,223,18.6,0.39077,0.0658,35.2
"275",0.05644,40,6.41,1,4.47,6.758,32.9,4.0776,4,254,17.6,0.3969,0.0353,32.4
"276",0.09604,40,6.41,0,4.47,6.854,42.8,4.2673,4,254,17.6,0.3969,0.0298,32
"277",0.10469,40,6.41,1,4.47,7.267,49,4.7872,4,254,17.6,0.38925,0.0605,33.2
"278",0.06127,40,6.41,1,4.47,6.826,27.6,4.8628,4,254,17.6,0.39345,0.0416,33.1
"279",0.07978,40,6.41,0,4.47,6.482,32.1,4.1403,4,254,17.6,0.3969,0.0719,29.1
"280",0.21038,20,3.33,0,4.429,6.812,32.2,4.1007,5,216,14.9,0.3969,0.0485,35.1
"281",0.03578,20,3.33,0,4.429,7.82,64.5,4.6947,5,216,14.9,0.38731,0.0376,45.4
"282",0.03705,20,3.33,0,4.429,6.968,37.2,5.2447,5,216,14.9,0.39223,0.0459,35.4
"283",0.06129,20,3.33,1,4.429,7.645,49.7,5.2119,5,216,14.9,0.37707,0.0301,46
"284",0.01501,90,1.21,1,4.01,7.923,24.8,5.885,1,198,13.6,0.39552,0.0316,50
"285",0.00906,90,2.97,0,4,7.088,20.8,7.3073,1,285,15.3,0.39472,0.0785,32.2
"286",0.01096,55,2.25,0,3.89,6.453,31.9,7.3073,1,300,15.3,0.39472,0.0823,22
"287",0.01965,80,1.76,0,3.85,6.23,31.5,9.0892,1,241,18.2,0.3416,0.1293,20.1
"288",0.03871,52.5,5.32,0,4.05,6.209,31.3,7.3172,6,293,16.6,0.3969,0.0714,23.2
"289",0.0459,52.5,5.32,0,4.05,6.315,45.6,7.3172,6,293,16.6,0.3969,0.076,22.3
"290",0.04297,52.5,5.32,0,4.05,6.565,22.9,7.3172,6,293,16.6,0.37172,0.0951,24.8
"291",0.03502,80,4.95,0,4.11,6.861,27.9,5.1167,4,245,19.2,0.3969,0.0333,28.5
"292",0.07886,80,4.95,0,4.11,7.148,27.7,5.1167,4,245,19.2,0.3969,0.0356,37.3
"293",0.03615,80,4.95,0,4.11,6.63,23.4,5.1167,4,245,19.2,0.3969,0.047,27.9
"294",0.08265,0,13.92,0,4.37,6.127,18.4,5.5027,4,289,16,0.3969,0.0858,23.9
"295",0.08199,0,13.92,0,4.37,6.009,42.3,5.5027,4,289,16,0.3969,0.104,21.7
"296",0.12932,0,13.92,0,4.37,6.678,31.1,5.9604,4,289,16,0.3969,0.0627,28.6
"297",0.05372,0,13.92,0,4.37,6.549,51,5.9604,4,289,16,0.39285,0.0739,27.1
"298",0.14103,0,13.92,0,4.37,5.79,58,6.32,4,289,16,0.3969,0.1584,20.3
"299",0.06466,70,2.24,0,4,6.345,20.1,7.8278,5,358,14.8,0.36824,0.0497,22.5
"300",0.05561,70,2.24,0,4,7.041,10,7.8278,5,358,14.8,0.37158,0.0474,29
"301",0.04417,70,2.24,0,4,6.871,47.4,7.8278,5,358,14.8,0.39086,0.0607,24.8
"302",0.03537,34,6.09,0,4.33,6.59,40.4,5.4917,7,329,16.1,0.39575,0.095,22
"303",0.09266,34,6.09,0,4.33,6.495,18.4,5.4917,7,329,16.1,0.38361,0.0867,26.4
"304",0.1,34,6.09,0,4.33,6.982,17.7,5.4917,7,329,16.1,0.39043,0.0486,33.1
"305",0.05515,33,2.18,0,4.72,7.236,41.1,4.022,7,222,18.4,0.39368,0.0693,36.1
"306",0.05479,33,2.18,0,4.72,6.616,58.1,3.37,7,222,18.4,0.39336,0.0893,28.4
"307",0.07503,33,2.18,0,4.72,7.42,71.9,3.0992,7,222,18.4,0.3969,0.0647,33.4
"308",0.04932,33,2.18,0,4.72,6.849,70.3,3.1827,7,222,18.4,0.3969,0.0753,28.2
"309",0.49298,0,9.9,0,5.44,6.635,82.5,3.3175,4,304,18.4,0.3969,0.0454,22.8
"310",0.3494,0,9.9,0,5.44,5.972,76.7,3.1025,4,304,18.4,0.39624,0.0997,20.3
"311",2.63548,0,9.9,0,5.44,4.973,37.8,2.5194,4,304,18.4,0.35045,0.1264,16.1
"312",0.79041,0,9.9,0,5.44,6.122,52.8,2.6403,4,304,18.4,0.3969,0.0598,22.1
"313",0.26169,0,9.9,0,5.44,6.023,90.4,2.834,4,304,18.4,0.3963,0.1172,19.4
"314",0.26938,0,9.9,0,5.44,6.266,82.8,3.2628,4,304,18.4,0.39339,0.079,21.6
"315",0.3692,0,9.9,0,5.44,6.567,87.3,3.6023,4,304,18.4,0.39569,0.0928,23.8
"316",0.25356,0,9.9,0,5.44,5.705,77.7,3.945,4,304,18.4,0.39642,0.115,16.2
"317",0.31827,0,9.9,0,5.44,5.914,83.2,3.9986,4,304,18.4,0.3907,0.1833,17.8
"318",0.24522,0,9.9,0,5.44,5.782,71.7,4.0317,4,304,18.4,0.3969,0.1594,19.8
"319",0.40202,0,9.9,0,5.44,6.382,67.2,3.5325,4,304,18.4,0.39521,0.1036,23.1
"320",0.47547,0,9.9,0,5.44,6.113,58.8,4.0019,4,304,18.4,0.39623,0.1273,21
"321",0.1676,0,7.38,0,4.93,6.426,52.3,4.5404,5,287,19.6,0.3969,0.072,23.8
"322",0.18159,0,7.38,0,4.93,6.376,54.3,4.5404,5,287,19.6,0.3969,0.0687,23.1
"323",0.35114,0,7.38,0,4.93,6.041,49.9,4.7211,5,287,19.6,0.3969,0.077,20.4
"324",0.28392,0,7.38,0,4.93,5.708,74.3,4.7211,5,287,19.6,0.39113,0.1174,18.5
"325",0.34109,0,7.38,0,4.93,6.415,40.1,4.7211,5,287,19.6,0.3969,0.0612,25
"326",0.19186,0,7.38,0,4.93,6.431,14.7,5.4159,5,287,19.6,0.39368,0.0508,24.6
"327",0.30347,0,7.38,0,4.93,6.312,28.9,5.4159,5,287,19.6,0.3969,0.0615,23
"328",0.24103,0,7.38,0,4.93,6.083,43.7,5.4159,5,287,19.6,0.3969,0.1279,22.2
"329",0.06617,0,3.24,0,4.6,5.868,25.8,5.2146,4,430,16.9,0.38244,0.0997,19.3
"330",0.06724,0,3.24,0,4.6,6.333,17.2,5.2146,4,430,16.9,0.37521,0.0734,22.6
"331",0.04544,0,3.24,0,4.6,6.144,32.2,5.8736,4,430,16.9,0.36857,0.0909,19.8
"332",0.05023,35,6.06,0,4.379,5.706,28.4,6.6407,1,304,16.9,0.39402,0.1243,17.1
"333",0.03466,35,6.06,0,4.379,6.031,23.3,6.6407,1,304,16.9,0.36225,0.0783,19.4
"334",0.05083,0,5.19,0,5.15,6.316,38.1,6.4584,5,224,20.2,0.38971,0.0568,22.2
"335",0.03738,0,5.19,0,5.15,6.31,38.5,6.4584,5,224,20.2,0.3894,0.0675,20.7
"336",0.03961,0,5.19,0,5.15,6.037,34.5,5.9853,5,224,20.2,0.3969,0.0801,21.1
"337",0.03427,0,5.19,0,5.15,5.869,46.3,5.2311,5,224,20.2,0.3969,0.098,19.5
"338",0.03041,0,5.19,0,5.15,5.895,59.6,5.615,5,224,20.2,0.39481,0.1056,18.5
"339",0.03306,0,5.19,0,5.15,6.059,37.3,4.8122,5,224,20.2,0.39614,0.0851,20.6
"340",0.05497,0,5.19,0,5.15,5.985,45.4,4.8122,5,224,20.2,0.3969,0.0974,19
"341",0.06151,0,5.19,0,5.15,5.968,58.5,4.8122,5,224,20.2,0.3969,0.0929,18.7
"342",0.01301,35,1.52,0,4.42,7.241,49.3,7.0379,1,284,15.5,0.39474,0.0549,32.7
"343",0.02498,0,1.89,0,5.18,6.54,59.7,6.2669,1,422,15.9,0.38996,0.0865,16.5
"344",0.02543,55,3.78,0,4.84,6.696,56.4,5.7321,5,370,17.6,0.3969,0.0718,23.9
"345",0.03049,55,3.78,0,4.84,6.874,28.1,6.4654,5,370,17.6,0.38797,0.0461,31.2
"346",0.03113,0,4.39,0,4.42,6.014,48.5,8.0136,3,352,18.8,0.38564,0.1053,17.5
"347",0.06162,0,4.39,0,4.42,5.898,52.3,8.0136,3,352,18.8,0.36461,0.1267,17.2
"348",0.0187,85,4.15,0,4.29,6.516,27.7,8.5353,4,351,17.9,0.39243,0.0636,23.1
"349",0.01501,80,2.01,0,4.35,6.635,29.7,8.344,4,280,17,0.39094,0.0599,24.5
"350",0.02899,40,1.25,0,4.29,6.939,34.5,8.7921,1,335,19.7,0.38985,0.0589,26.6
"351",0.06211,40,1.25,0,4.29,6.49,44.4,8.7921,1,335,19.7,0.3969,0.0598,22.9
"352",0.0795,60,1.69,0,4.11,6.579,35.9,10.7103,4,411,18.3,0.37078,0.0549,24.1
"353",0.07244,60,1.69,0,4.11,5.884,18.5,10.7103,4,411,18.3,0.39233,0.0779,18.6
"354",0.01709,90,2.02,0,4.1,6.728,36.1,12.1265,5,187,17,0.38446,0.045,30.1
"355",0.04301,80,1.91,0,4.13,5.663,21.9,10.5857,4,334,22,0.3828,0.0805,18.2
"356",0.10659,80,1.91,0,4.13,5.936,19.5,10.5857,4,334,22,0.37604,0.0557,20.6
"357",8.98296,0,18.1,1,7.7,6.212,97.4,2.1222,24,666,20.2,0.37773,0.176,17.8
"358",3.8497,0,18.1,1,7.7,6.395,91,2.5052,24,666,20.2,0.39134,0.1327,21.7
"359",5.20177,0,18.1,1,7.7,6.127,83.4,2.7227,24,666,20.2,0.39543,0.1148,22.7
"360",4.26131,0,18.1,0,7.7,6.112,81.3,2.5091,24,666,20.2,0.39074,0.1267,22.6
"361",4.54192,0,18.1,0,7.7,6.398,88,2.5182,24,666,20.2,0.37456,0.0779,25
"362",3.83684,0,18.1,0,7.7,6.251,91.1,2.2955,24,666,20.2,0.35065,0.1419,19.9
"363",3.67822,0,18.1,0,7.7,5.362,96.2,2.1036,24,666,20.2,0.38079,0.1019,20.8
"364",4.22239,0,18.1,1,7.7,5.803,89,1.9047,24,666,20.2,0.35304,0.1464,16.8
"365",3.47428,0,18.1,1,7.18,8.78,82.9,1.9047,24,666,20.2,0.35455,0.0529,21.9
"366",4.55587,0,18.1,0,7.18,3.561,87.9,1.6132,24,666,20.2,0.3547,0.0712,27.5
"367",3.69695,0,18.1,0,7.18,4.963,91.4,1.7523,24,666,20.2,0.31603,0.14,21.9
"368",13.5222,0,18.1,0,6.31,3.863,100,1.5106,24,666,20.2,0.13142,0.1333,23.1
"369",4.89822,0,18.1,0,6.31,4.97,100,1.3325,24,666,20.2,0.37552,0.0326,50
"370",5.66998,0,18.1,1,6.31,6.683,96.8,1.3567,24,666,20.2,0.37533,0.0373,50
"371",6.53876,0,18.1,1,6.31,7.016,97.5,1.2024,24,666,20.2,0.39205,0.0296,50
"372",9.2323,0,18.1,0,6.31,6.216,100,1.1691,24,666,20.2,0.36615,0.0953,50
"373",8.26725,0,18.1,1,6.68,5.875,89.6,1.1296,24,666,20.2,0.34788,0.0888,50
"374",11.1081,0,18.1,0,6.68,4.906,100,1.1742,24,666,20.2,0.3969,0.3477,13.8
"375",18.4982,0,18.1,0,6.68,4.138,100,1.137,24,666,20.2,0.3969,0.3797,13.8
"376",19.6091,0,18.1,0,6.71,7.313,97.9,1.3163,24,666,20.2,0.3969,0.1344,15
"377",15.288,0,18.1,0,6.71,6.649,93.3,1.3449,24,666,20.2,0.36302,0.2324,13.9
"378",9.82349,0,18.1,0,6.71,6.794,98.8,1.358,24,666,20.2,0.3969,0.2124,13.3
"379",23.6482,0,18.1,0,6.71,6.38,96.2,1.3861,24,666,20.2,0.3969,0.2369,13.1
"380",17.8667,0,18.1,0,6.71,6.223,100,1.3861,24,666,20.2,0.39374,0.2178,10.2
"381",88.9762,0,18.1,0,6.71,6.968,91.9,1.4165,24,666,20.2,0.3969,0.1721,10.4
"382",15.8744,0,18.1,0,6.71,6.545,99.1,1.5192,24,666,20.2,0.3969,0.2108,10.9
"383",9.18702,0,18.1,0,7,5.536,100,1.5804,24,666,20.2,0.3969,0.236,11.3
"384",7.99248,0,18.1,0,7,5.52,100,1.5331,24,666,20.2,0.3969,0.2456,12.3
"385",20.0849,0,18.1,0,7,4.368,91.2,1.4395,24,666,20.2,0.28583,0.3063,8.8
"386",16.8118,0,18.1,0,7,5.277,98.1,1.4261,24,666,20.2,0.3969,0.3081,7.2
"387",24.3938,0,18.1,0,7,4.652,100,1.4672,24,666,20.2,0.3969,0.2828,10.5
"388",22.5971,0,18.1,0,7,5,89.5,1.5184,24,666,20.2,0.3969,0.3199,7.4
"389",14.3337,0,18.1,0,7,4.88,100,1.5895,24,666,20.2,0.37292,0.3062,10.2
"390",8.15174,0,18.1,0,7,5.39,98.9,1.7281,24,666,20.2,0.3969,0.2085,11.5
"391",6.96215,0,18.1,0,7,5.713,97,1.9265,24,666,20.2,0.39443,0.1711,15.1
"392",5.29305,0,18.1,0,7,6.051,82.5,2.1678,24,666,20.2,0.37838,0.1876,23.2
"393",11.5779,0,18.1,0,7,5.036,97,1.77,24,666,20.2,0.3969,0.2568,9.7
"394",8.64476,0,18.1,0,6.93,6.193,92.6,1.7912,24,666,20.2,0.3969,0.1517,13.8
"395",13.3598,0,18.1,0,6.93,5.887,94.7,1.7821,24,666,20.2,0.3969,0.1635,12.7
"396",8.71675,0,18.1,0,6.93,6.471,98.8,1.7257,24,666,20.2,0.39198,0.1712,13.1
"397",5.87205,0,18.1,0,6.93,6.405,96,1.6768,24,666,20.2,0.3969,0.1937,12.5
"398",7.67202,0,18.1,0,6.93,5.747,98.9,1.6334,24,666,20.2,0.3931,0.1992,8.5
"399",38.3518,0,18.1,0,6.93,5.453,100,1.4896,24,666,20.2,0.3969,0.3059,5
"400",9.91655,0,18.1,0,6.93,5.852,77.8,1.5004,24,666,20.2,0.33816,0.2997,6.3
"401",25.0461,0,18.1,0,6.93,5.987,100,1.5888,24,666,20.2,0.3969,0.2677,5.6
"402",14.2362,0,18.1,0,6.93,6.343,100,1.5741,24,666,20.2,0.3969,0.2032,7.2
"403",9.59571,0,18.1,0,6.93,6.404,100,1.639,24,666,20.2,0.37611,0.2031,12.1
"404",24.8017,0,18.1,0,6.93,5.349,96,1.7028,24,666,20.2,0.3969,0.1977,8.3
"405",41.5292,0,18.1,0,6.93,5.531,85.4,1.6074,24,666,20.2,0.32946,0.2738,8.5
"406",67.9208,0,18.1,0,6.93,5.683,100,1.4254,24,666,20.2,0.38497,0.2298,5
"407",20.7162,0,18.1,0,6.59,4.138,100,1.1781,24,666,20.2,0.37022,0.2334,11.9
"408",11.9511,0,18.1,0,6.59,5.608,100,1.2852,24,666,20.2,0.33209,0.1213,27.9
"409",7.40389,0,18.1,0,5.97,5.617,97.9,1.4547,24,666,20.2,0.31464,0.264,17.2
"410",14.4383,0,18.1,0,5.97,6.852,100,1.4655,24,666,20.2,0.17936,0.1978,27.5
"411",51.1358,0,18.1,0,5.97,5.757,100,1.413,24,666,20.2,0.0026,0.1011,15
"412",14.0507,0,18.1,0,5.97,6.657,100,1.5275,24,666,20.2,0.03505,0.2122,17.2
"413",18.811,0,18.1,0,5.97,4.628,100,1.5539,24,666,20.2,0.02879,0.3437,17.9
"414",28.6558,0,18.1,0,5.97,5.155,100,1.5894,24,666,20.2,0.21097,0.2008,16.3
"415",45.7461,0,18.1,0,6.93,4.519,100,1.6582,24,666,20.2,0.08827,0.3698,7
"416",18.0846,0,18.1,0,6.79,6.434,100,1.8347,24,666,20.2,0.02725,0.2905,7.2
"417",10.8342,0,18.1,0,6.79,6.782,90.8,1.8195,24,666,20.2,0.02157,0.2579,7.5
"418",25.9406,0,18.1,0,6.79,5.304,89.1,1.6475,24,666,20.2,0.12736,0.2664,10.4
"419",73.5341,0,18.1,0,6.79,5.957,100,1.8026,24,666,20.2,0.01645,0.2062,8.8
"420",11.8123,0,18.1,0,7.18,6.824,76.5,1.794,24,666,20.2,0.04845,0.2274,8.4
"421",11.0874,0,18.1,0,7.18,6.411,100,1.8589,24,666,20.2,0.31875,0.1502,16.7
"422",7.02259,0,18.1,0,7.18,6.006,95.3,1.8746,24,666,20.2,0.31998,0.157,14.2
"423",12.0482,0,18.1,0,6.14,5.648,87.6,1.9512,24,666,20.2,0.29155,0.141,20.8
"424",7.05042,0,18.1,0,6.14,6.103,85.1,2.0218,24,666,20.2,0.00252,0.2329,13.4
"425",8.79212,0,18.1,0,5.84,5.565,70.6,2.0635,24,666,20.2,0.00365,0.1716,11.7
"426",15.8603,0,18.1,0,6.79,5.896,95.4,1.9096,24,666,20.2,0.00768,0.2439,8.3
"427",12.2472,0,18.1,0,5.84,5.837,59.7,1.9976,24,666,20.2,0.02465,0.1569,10.2
"428",37.6619,0,18.1,0,6.79,6.202,78.7,1.8629,24,666,20.2,0.01882,0.1452,10.9
"429",7.36711,0,18.1,0,6.79,6.193,78.1,1.9356,24,666,20.2,0.09673,0.2152,11
"430",9.33889,0,18.1,0,6.79,6.38,95.6,1.9682,24,666,20.2,0.06072,0.2408,9.5
"431",8.49213,0,18.1,0,5.84,6.348,86.1,2.0527,24,666,20.2,0.08345,0.1764,14.5
"432",10.0623,0,18.1,0,5.84,6.833,94.3,2.0882,24,666,20.2,0.08133,0.1969,14.1
"433",6.44405,0,18.1,0,5.84,6.425,74.8,2.2004,24,666,20.2,0.09795,0.1203,16.1
"434",5.58107,0,18.1,0,7.13,6.436,87.9,2.3158,24,666,20.2,0.10019,0.1622,14.3
"435",13.9134,0,18.1,0,7.13,6.208,95,2.2222,24,666,20.2,0.10063,0.1517,11.7
"436",11.1604,0,18.1,0,7.4,6.629,94.6,2.1247,24,666,20.2,0.10985,0.2327,13.4
"437",14.4208,0,18.1,0,7.4,6.461,93.3,2.0026,24,666,20.2,0.02749,0.1805,9.6
"438",15.1772,0,18.1,0,7.4,6.152,100,1.9142,24,666,20.2,0.00932,0.2645,8.7
"439",13.6781,0,18.1,0,7.4,5.935,87.9,1.8206,24,666,20.2,0.06895,0.3402,8.4
"440",9.39063,0,18.1,0,7.4,5.627,93.9,1.8172,24,666,20.2,0.3969,0.2288,12.8
"441",22.0511,0,18.1,0,7.4,5.818,92.4,1.8662,24,666,20.2,0.39145,0.2211,10.5
"442",9.72418,0,18.1,0,7.4,6.406,97.2,2.0651,24,666,20.2,0.38596,0.1952,17.1
"443",5.66637,0,18.1,0,7.4,6.219,100,2.0048,24,666,20.2,0.39569,0.1659,18.4
"444",9.96654,0,18.1,0,7.4,6.485,100,1.9784,24,666,20.2,0.38673,0.1885,15.4
"445",12.8023,0,18.1,0,7.4,5.854,96.6,1.8956,24,666,20.2,0.24052,0.2379,10.8
"446",10.6718,0,18.1,0,7.4,6.459,94.8,1.9879,24,666,20.2,0.04306,0.2398,11.8
"447",6.28807,0,18.1,0,7.4,6.341,96.4,2.072,24,666,20.2,0.31801,0.1779,14.9
"448",9.92485,0,18.1,0,7.4,6.251,96.6,2.198,24,666,20.2,0.38852,0.1644,12.6
"449",9.32909,0,18.1,0,7.13,6.185,98.7,2.2616,24,666,20.2,0.3969,0.1813,14.1
"450",7.52601,0,18.1,0,7.13,6.417,98.3,2.185,24,666,20.2,0.30421,0.1931,13
"451",6.71772,0,18.1,0,7.13,6.749,92.6,2.3236,24,666,20.2,0.00032,0.1744,13.4
"452",5.44114,0,18.1,0,7.13,6.655,98.2,2.3552,24,666,20.2,0.35529,0.1773,15.2
"453",5.09017,0,18.1,0,7.13,6.297,91.8,2.3682,24,666,20.2,0.38509,0.1727,16.1
"454",8.24809,0,18.1,0,7.13,7.393,99.3,2.4527,24,666,20.2,0.37587,0.1674,17.8
"455",9.51363,0,18.1,0,7.13,6.728,94.1,2.4961,24,666,20.2,0.00668,0.1871,14.9
"456",4.75237,0,18.1,0,7.13,6.525,86.5,2.4358,24,666,20.2,0.05092,0.1813,14.1
"457",4.66883,0,18.1,0,7.13,5.976,87.9,2.5806,24,666,20.2,0.01048,0.1901,12.7
"458",8.20058,0,18.1,0,7.13,5.936,80.3,2.7792,24,666,20.2,0.0035,0.1694,13.5
"459",7.75223,0,18.1,0,7.13,6.301,83.7,2.7831,24,666,20.2,0.27221,0.1623,14.9
"460",6.80117,0,18.1,0,7.13,6.081,84.4,2.7175,24,666,20.2,0.3969,0.147,20
"461",4.81213,0,18.1,0,7.13,6.701,90,2.5975,24,666,20.2,0.25523,0.1642,16.4
"462",3.69311,0,18.1,0,7.13,6.376,88.4,2.5671,24,666,20.2,0.39143,0.1465,17.7
"463",6.65492,0,18.1,0,7.13,6.317,83,2.7344,24,666,20.2,0.3969,0.1399,19.5
"464",5.82115,0,18.1,0,7.13,6.513,89.9,2.8016,24,666,20.2,0.39382,0.1029,20.2
"465",7.83932,0,18.1,0,6.55,6.209,65.4,2.9634,24,666,20.2,0.3969,0.1322,21.4
"466",3.1636,0,18.1,0,6.55,5.759,48.2,3.0665,24,666,20.2,0.3344,0.1413,19.9
"467",3.77498,0,18.1,0,6.55,5.952,84.7,2.8715,24,666,20.2,0.02201,0.1715,19
"468",4.42228,0,18.1,0,5.84,6.003,94.5,2.5403,24,666,20.2,0.33129,0.2132,19.1
"469",15.5757,0,18.1,0,5.8,5.926,71,2.9084,24,666,20.2,0.36874,0.1813,19.1
"470",13.0751,0,18.1,0,5.8,5.713,56.7,2.8237,24,666,20.2,0.3969,0.1476,20.1
"471",4.34879,0,18.1,0,5.8,6.167,84,3.0334,24,666,20.2,0.3969,0.1629,19.9
"472",4.03841,0,18.1,0,5.32,6.229,90.7,3.0993,24,666,20.2,0.39533,0.1287,19.6
"473",3.56868,0,18.1,0,5.8,6.437,75,2.8965,24,666,20.2,0.39337,0.1436,23.2
"474",4.64689,0,18.1,0,6.14,6.98,67.6,2.5329,24,666,20.2,0.37468,0.1166,29.8
"475",8.05579,0,18.1,0,5.84,5.427,95.4,2.4298,24,666,20.2,0.35258,0.1814,13.8
"476",6.39312,0,18.1,0,5.84,6.162,97.4,2.206,24,666,20.2,0.30276,0.241,13.3
"477",4.87141,0,18.1,0,6.14,6.484,93.6,2.3053,24,666,20.2,0.39621,0.1868,16.7
"478",15.0234,0,18.1,0,6.14,5.304,97.3,2.1007,24,666,20.2,0.34948,0.2491,12
"479",10.233,0,18.1,0,6.14,6.185,96.7,2.1705,24,666,20.2,0.3797,0.1803,14.6
"480",14.3337,0,18.1,0,6.14,6.229,88,1.9512,24,666,20.2,0.38332,0.1311,21.4
"481",5.82401,0,18.1,0,5.32,6.242,64.7,3.4242,24,666,20.2,0.3969,0.1074,23
"482",5.70818,0,18.1,0,5.32,6.75,74.9,3.3317,24,666,20.2,0.39307,0.0774,23.7
"483",5.73116,0,18.1,0,5.32,7.061,77,3.4106,24,666,20.2,0.39528,0.0701,25
"484",2.81838,0,18.1,0,5.32,5.762,40.3,4.0983,24,666,20.2,0.39292,0.1042,21.8
"485",2.37857,0,18.1,0,5.83,5.871,41.9,3.724,24,666,20.2,0.37073,0.1334,20.6
"486",3.67367,0,18.1,0,5.83,6.312,51.9,3.9917,24,666,20.2,0.38862,0.1058,21.2
"487",5.69175,0,18.1,0,5.83,6.114,79.8,3.5459,24,666,20.2,0.39268,0.1498,19.1
"488",4.83567,0,18.1,0,5.83,5.905,53.2,3.1523,24,666,20.2,0.38822,0.1145,20.6
"489",0.15086,0,27.74,0,6.09,5.454,92.7,1.8209,4,711,20.1,0.39509,0.1806,15.2
"490",0.18337,0,27.74,0,6.09,5.414,98.3,1.7554,4,711,20.1,0.34405,0.2397,7
"491",0.20746,0,27.74,0,6.09,5.093,98,1.8226,4,711,20.1,0.31843,0.2968,8.1
"492",0.10574,0,27.74,0,6.09,5.983,98.8,1.8681,4,711,20.1,0.39011,0.1807,13.6
"493",0.11132,0,27.74,0,6.09,5.983,83.5,2.1099,4,711,20.1,0.3969,0.1335,20.1
"494",0.17331,0,9.69,0,5.85,5.707,54,2.3817,6,391,19.2,0.3969,0.1201,21.8
"495",0.27957,0,9.69,0,5.85,5.926,42.6,2.3817,6,391,19.2,0.3969,0.1359,24.5
"496",0.17899,0,9.69,0,5.85,5.67,28.8,2.7986,6,391,19.2,0.39329,0.176,23.1
"497",0.2896,0,9.69,0,5.85,5.39,72.9,2.7986,6,391,19.2,0.3969,0.2114,19.7
"498",0.26838,0,9.69,0,5.85,5.794,70.6,2.8927,6,391,19.2,0.3969,0.141,18.3
"499",0.23912,0,9.69,0,5.85,6.019,65.3,2.4091,6,391,19.2,0.3969,0.1292,21.2
"500",0.17783,0,9.69,0,5.85,5.569,73.5,2.3999,6,391,19.2,0.39577,0.151,17.5
"501",0.22438,0,9.69,0,5.85,6.027,79.7,2.4982,6,391,19.2,0.3969,0.1433,16.8
"502",0.06263,0,11.93,0,5.73,6.593,69.1,2.4786,1,273,21,0.39199,0.0967,22.4
"503",0.04527,0,11.93,0,5.73,6.12,76.7,2.2875,1,273,21,0.3969,0.0908,20.6
"504",0.06076,0,11.93,0,5.73,6.976,91,2.1675,1,273,21,0.3969,0.0564,23.9
"505",0.10959,0,11.93,0,5.73,6.794,89.3,2.3889,1,273,21,0.39345,0.0648,22
"506",0.04741,0,11.93,0,5.73,6.03,80.8,2.505,1,273,21,0.3969,0.0788,11.9
